Gene,codon,base1,base2,base3
UL54,S290,81055,81054,81053
UL54,D301,81022,81021,81020
UL54,E303,81016,81015,81014
UL54,M393,80746,80745,80744
UL54,N408,80701,80700,80699
UL54,N410,80695,80694,80693
UL54,T419,80668,80667,80666
UL54,F412,80689,80688,80687
UL54,D413,80686,80685,80684
UL54,P488,80461,80460,80459
UL54,K493,80446,80445,80444
UL54,N495,80440,80439,80438
UL54,P497,80434,80433,80432
UL54,K500,80425,80424,80423
UL54,L501,80422,80421,80420
UL54,T503,80416,80415,80414
UL54,K513,80386,80385,80384
UL54,D515,80380,80379,80378
UL54,L516,80377,80376,80375
UL54,I521,80362,80361,80360
UL54,P522,80359,80358,80357
UL54,V526,80347,80346,80345
UL54,C539,80308,80307,80306
UL54,D542,80299,80298,80297
UL54,A543,80296,80295,80294
UL54,L545,80290,80289,80288
UL54,T552,80269,80268,80267
UL54,L565,80230,80229,80228
UL54,Q578,80191,80190,80189
UL54,S585,80170,80169,80168
UL54,D588,80161,80160,80159
UL54,F595,80140,80139,80138
UL54,G678,79891,79890,79889
UL54,T700,79825,79824,79823
UL54,V715,79780,79779,79778
UL54,Y722,79759,79758,79757
UL54,I726,79747,79746,79745
UL54,H729,79738,79737,79736
UL54,Y751,79672,79671,79670
UL54,E756,79657,79656,79655
UL54,L773,79606,79605,79604
UL54,L776,79597,79596,79595
UL54,V781,79582,79581,79580
UL54,V787,79564,79563,79562
UL54,L802,79519,79518,79517
UL54,K805,79510,79509,79508
UL54,A809,79498,79497,79496
UL54,V812,79489,79488,79487
UL54,T813,79486,79485,79484
UL54,T821,79462,79461,79460
UL54,V823,79456,79455,79454
UL54,P829,79438,79437,79436
UL54,A834,79424,79423,79422
UL54,T838,79411,79410,79409
UL54,G841,79402,79401,79400
UL54,V946,79087,79086,79085
UL54,E951,79072,79071,79070
UL54,L957,79054,79053,79052
UL54,A987,78964,78963,78962
UL54,E989,79958,79957,79956
UL97,F342,142821,142822,142823
UL97,V356,142863,142864,142865
UL97,K359,142872,142873,142874
UL97,E362,142881,142882,142883
UL97,L405,143010,143011,143012
UL97,T409,143022,143023,143024
UL97,H411,143028,143029,143030
UL97,M460,143175,143176,143177
UL97,V466,143193,143194,143195
UL97,C480,143235,143236,143237
UL97,C518,143349,143350,143351
UL97,H520,143355,143356,143357
UL97,P521,143358,143359,143360
UL97,A590,143565,143566,143567
UL97,A591,143568,143569,143570
UL97,C592,143571,143572,143573
UL97,A594,143577,143578,143579
UL97,L595F,143580,143581,143582
UL97,E596,143583,143584,143585
UL97,N597,143586,143587,143588
UL97,G598,143589,143590,143591
UL97,K599,143592,143593,143594
UL97,C603,143604,143605,143606
UL97,A606,143613,143614,143615
UL97,C607,143616,143617,143618
UL97,I610,143625,143626,143627
UL97,A613,143634,143635,143636
UL56,C25,87232,87231,87230
UL56,Q204,86695,86694,86693
UL56,S229,86620,86619,86618
UL56,V231,86614,86613,86612
UL56,N232,86611,86610,86609
UL56,V236,86599,86598,86597
UL56,E237,86596,86595,86594
UL56,L241,86584,86583,86582
UL56,T244,86575,86574,86573
UL56,L254,86545,86544,86543
UL56,L257,86536,86535,86534
UL56,K258,86533,86532,86531
UL56,F261,86524,86523,86522
UL56,Y321,86344,86343,86342
UL56,C325,86322,86321,86320
UL56,L328,86323,86322,86321
UL56,M329,86320,86319,86318
UL56,A365,86212,86211,86210
UL56,N368,86203,86202,86201
UL56,R369,86200,86199,86198
UL89,N320,134837,134836,134835
UL89,D344,134765,134764,134763
UL89,T350,134747,134746,134745
UL89,M359,134720,134719,134718
